NodeId,StopId
0,33
1,79
2,76
3,3691
4,2028
5,4223
6,120
7,121
8,122
9,123
10,124
11,125
12,126
13,127
14,128
15,129
16,130
17,131
18,134
19,132
20,14
21,136
22,133
23,135
24,137
25,138
26,139
27,8
28,1
29,2
30,3
31,5
32,4
33,7
34,9
35,12
36,6
37,10
38,11
39,16
40,17
41,13
42,15
43,19
44,20
45,18
46,22
47,21
48,23
49,24
50,25
51,26
52,27
53,7266
54,7693
55,1256
56,32
57,31
58,34
59,35
60,7276
61,7277
62,7278
63,7265
64,7588
65,42
66,44
67,39
68,41
69,43
70,46
71,47
72,45
73,49
74,48
75,50
76,51
77,52
78,53
79,54
80,55
81,56
82,57
83,60
84,58
85,62
86,67
87,63
88,72
89,64
90,4754
91,73
92,213
93,68
94,74
95,69
96,70
97,71
98,77
99,3204
100,3203
101,3206
102,3259
103,3207
104,3210
105,75
106,3255
107,3208
108,3257
109,3205
110,3261
111,3260
112,3262
113,3263
114,204
115,205
116,206
117,207
118,208
119,211
120,209
121,210
122,212
123,214
124,215
125,216
126,218
127,217
128,220
129,219
130,221
131,223
132,224
133,225
134,226
135,228
136,230
137,227
138,229
139,232
140,4755
141,4756
142,4757
143,231
144,234
145,233
146,235
147,236
148,237
149,238
150,239
151,7270
152,7269
153,7273
154,7274
155,7275
156,4271
157,2724
158,4272
159,4273
160,4274
161,243
162,244
163,245
164,246
165,247
166,248
167,250
168,249
169,251
170,252
171,253
172,254
173,255
174,256
175,258
176,259
177,260
178,261
179,262
180,263
181,264
182,265
183,266
184,268
185,267
186,270
187,271
188,272
189,273
190,275
191,277
192,1115
193,1239
194,166
195,167
196,172
197,168
198,169
199,174
200,173
201,176
202,175
203,177
204,178
205,180
206,181
207,179
208,183
209,182
210,185
211,184
212,187
213,186
214,188
215,190
216,191
217,189
218,193
219,192
220,196
221,194
222,198
223,195
224,197
225,200
226,199
227,201
228,82
229,2393
230,897
231,1580
232,1050
233,281
234,282
235,283
236,284
237,285
238,286
239,288
240,3164
241,287
242,290
243,289
244,292
245,242
246,291
247,294
248,296
249,293
250,295
251,298
252,297
253,300
254,299
255,302
256,301
257,305
258,304
259,309
260,306
261,310
262,312
263,307
264,308
265,314
266,316
267,311
268,313
269,318
270,315
271,320
272,317
273,322
274,319
275,321
276,323
277,325
278,324
279,330
280,327
281,329
282,332
283,331
284,333
285,7208
286,334
287,335
288,336
289,338
290,337
291,340
292,339
293,341
294,343
295,342
296,344
297,346
298,345
299,348
300,347
301,349
302,350
303,353
304,351
305,355
306,352
307,358
308,354
309,359
310,356
311,357
312,360
313,361
314,362
315,363
316,364
317,365
318,366
319,368
320,367
321,369
322,373
323,370
324,374
325,371
326,372
327,378
328,375
329,377
330,376
331,379
332,381
333,380
334,383
335,382
336,89
337,90
338,385
339,384
340,387
341,3180
342,2978
343,389
344,392
345,391
346,393
347,1608
348,1599
349,1017
350,464
351,470
352,437
353,439
354,440
355,465
356,469
357,466
358,472
359,467
360,474
361,471
362,476
363,473
364,475
365,477
366,478
367,480
368,479
369,482
370,481
371,485
372,483
373,484
374,486
375,489
376,491
377,488
378,493
379,490
380,492
381,497
382,494
383,7159
384,495
385,500
386,394
387,396
388,398
389,4392
390,401
391,400
392,402
393,403
394,404
395,405
396,406
397,408
398,407
399,411
400,409
401,410
402,413
403,412
404,414
405,415
406,416
407,417
408,418
409,419
410,420
411,421
412,423
413,425
414,424
415,426
416,429
417,427
418,430
419,428
420,432
421,431
422,433
423,434
424,436
425,435
426,438
427,441
428,442
429,444
430,443
431,446
432,158
433,160
434,159
435,162
436,445
437,448
438,7175
439,447
440,451
441,449
442,453
443,450
444,452
445,455
446,457
447,454
448,456
449,459
450,458
451,461
452,460
453,463
454,462
455,468
456,539
457,540
458,541
459,543
460,545
461,549
462,550
463,552
464,554
465,557
466,559
467,561
468,565
469,560
470,566
471,562
472,568
473,563
474,95
475,94
476,97
477,96
478,99
479,564
480,567
481,570
482,571
483,569
484,573
485,397
486,496
487,502
488,499
489,542
490,501
491,544
492,503
493,546
494,504
495,505
496,506
497,547
498,507
499,548
500,551
501,508
502,509
503,553
504,510
505,555
506,511
507,556
508,512
509,558
510,513
511,514
512,515
513,7262
514,422
515,517
516,518
517,519
518,520
519,521
520,522
521,303
522,523
523,524
524,525
525,526
526,527
527,528
528,529
529,531
530,532
531,533
532,534
533,535
534,498
535,536
536,537
537,1919
538,7644
539,7648
540,7623
541,7632
542,7651
543,7829
544,7650
545,7624
546,7647
547,572
548,576
549,574
550,4559
551,3277
552,575
553,578
554,577
555,579
556,583
557,585
558,584
559,587
560,586
561,588
562,589
563,590
564,592
565,591
566,594
567,593
568,595
569,596
570,597
571,598
572,599
573,7577
574,601
575,600
576,602
577,604
578,603
579,606
580,605
581,608
582,607
583,610
584,609
585,612
586,611
587,613
588,614
589,615
590,616
591,617
592,618
593,619
594,621
595,620
596,622
597,624
598,625
599,623
600,626
601,627
602,628
603,629
604,1386
605,117
606,116
607,4150
608,630
609,631
610,632
611,633
612,634
613,635
614,636
615,637
616,638
617,639
618,640
619,3422
620,3430
621,641
622,643
623,642
624,644
625,645
626,646
627,647
628,648
629,649
630,650
631,651
632,653
633,652
634,655
635,654
636,657
637,656
638,659
639,658
640,661
641,660
642,662
643,663
644,664
645,665
646,4159
647,667
648,666
649,669
650,668
651,671
652,3043
653,672
654,674
655,677
656,676
657,679
658,678
659,681
660,680
661,683
662,682
663,685
664,684
665,687
666,686
667,689
668,688
669,691
670,690
671,693
672,692
673,695
674,694
675,697
676,696
677,3435
678,699
679,698
680,701
681,700
682,703
683,3431
684,3432
685,702
686,704
687,705
688,706
689,711
690,708
691,712
692,709
693,714
694,710
695,716
696,713
697,119
698,4149
699,140
700,718
701,715
702,720
703,717
704,724
705,719
706,721
707,723
708,722
709,1113
710,726
711,727
712,728
713,115
714,725
715,729
716,1397
717,1909
718,731
719,730
720,732
721,734
722,733
723,738
724,735
725,7679
726,741
727,736
728,743
729,737
730,745
731,739
732,746
733,7707
734,789
735,742
736,748
737,750
738,744
739,752
740,5789
741,7706
742,754
743,756
744,747
745,749
746,758
747,751
748,760
749,771
750,5777
751,772
752,774
753,773
754,5778
755,775
756,777
757,7705
758,5779
759,778
760,780
761,779
762,786
763,781
764,740
765,782
766,790
767,783
768,784
769,792
770,794
771,785
772,7680
773,796
774,787
775,788
776,963
777,278
778,4418
779,753
780,755
781,7040
782,7042
783,757
784,4354
785,759
786,762
787,1589
788,7045
789,803
790,7583
791,770
792,7049
793,763
794,1847
795,1849
796,1848
797,4256
798,7030
799,7031
800,7032
801,7033
802,7034
803,3788
804,3791
805,3790
806,3793
807,7142
808,4761
809,7757
810,2239
811,3723
812,3725
813,3727
814,3728
815,7035
816,7036
817,7037
818,7038
819,7039
820,7050
821,1801
822,1800
823,1803
824,805
825,797
826,807
827,801
828,799
829,7044
830,806
831,809
832,811
833,4353
834,1595
835,7043
836,7041
837,808
838,810
839,4275
840,7564
841,853
842,856
843,855
844,857
845,858
846,860
847,859
848,862
849,4125
850,866
851,863
852,869
853,864
854,865
855,872
856,2689
857,868
858,873
859,870
860,875
861,871
862,877
863,874
864,876
865,879
866,881
867,884
868,878
869,880
870,882
871,886
872,887
873,883
874,885
875,889
876,891
877,893
878,888
879,892
880,894
881,895
882,813
883,812
884,815
885,817
886,814
887,818
888,816
889,820
890,819
891,822
892,821
893,824
894,823
895,826
896,825
897,828
898,830
899,827
900,832
901,829
902,831
903,833
904,834
905,835
906,836
907,837
908,838
909,839
910,840
911,842
912,841
913,844
914,848
915,847
916,850
917,849
918,852
919,851
920,7282
921,4774
922,896
923,153
924,154
925,155
926,900
927,898
928,902
929,899
930,904
931,901
932,905
933,903
934,906
935,907
936,910
937,909
938,908
939,911
940,913
941,912
942,1945
943,7807
944,993
945,916
946,4748
947,4749
948,921
949,920
950,922
951,923
952,924
953,4745
954,925
955,929
956,928
957,927
958,931
959,934
960,2742
961,932
962,935
963,933
964,936
965,942
966,937
967,938
968,944
969,946
970,976
971,964
972,965
973,977
974,966
975,969
976,972
977,973
978,974
979,978
980,979
981,981
982,980
983,4628
984,926
985,1665
986,987
987,984
988,986
989,988
990,991
991,4735
992,917
993,918
994,990
995,995
996,997
997,999
998,996
999,998
1000,1000
1001,1002
1002,1001
1003,1003
1004,1004
1005,1005
1006,1009
1007,1006
1008,1011
1009,1007
1010,1013
1011,1008
1012,100
1013,101
1014,103
1015,1015
1016,1025
1017,1030
1018,1026
1019,1028
1020,1031
1021,1033
1022,1032
1023,1035
1024,1036
1025,1037
1026,1038
1027,1039
1028,1040
1029,1041
1030,1042
1031,1101
1032,1102
1033,1103
1034,1104
1035,1105
1036,1106
1037,1107
1038,1109
1039,1108
1040,1110
1041,1111
1042,1112
1043,1114
1044,947
1045,939
1046,949
1047,940
1048,950
1049,941
1050,952
1051,945
1052,953
1053,948
1054,954
1055,956
1056,958
1057,955
1058,959
1059,960
1060,962
1061,5791
1062,5792
1063,5793
1064,5794
1065,968
1066,970
1067,957
1068,971
1069,961
1070,975
1071,30
1072,7271
1073,1088
1074,1118
1075,1119
1076,1121
1077,1120
1078,1122
1079,1123
1080,1125
1081,7306
1082,1126
1083,1129
1084,1130
1085,1127
1086,1128
1087,7593
1088,1131
1089,1133
1090,1134
1091,1135
1092,1136
1093,1137
1094,1140
1095,1138
1096,1139
1097,1141
1098,1143
1099,1142
1100,1144
1101,1145
1102,1146
1103,1150
1104,1148
1105,1059
1106,1149
1107,7162
1108,7170
1109,7168
1110,7166
1111,2818
1112,2820
1113,2819
1114,2822
1115,7164
1116,7766
1117,7772
1118,7763
1119,7767
1120,7769
1121,7761
1122,7771
1123,7770
1124,7762
1125,7760
1126,7163
1127,2799
1128,2798
1129,2801
1130,2800
1131,2803
1132,7165
1133,7167
1134,7169
1135,7161
1136,1057
1137,1055
1138,1147
1139,1058
1140,1061
1141,1063
1142,1060
1143,1065
1144,1062
1145,1066
1146,1064
1147,1069
1148,1067
1149,1071
1150,1068
1151,1073
1152,1070
1153,1075
1154,1072
1155,4161
1156,1078
1157,1074
1158,7592
1159,1076
1160,1077
1161,1080
1162,1079
1163,1081
1164,7307
1165,1082
1166,1085
1167,1084
1168,1087
1169,1086
1170,1089
1171,1091
1172,1151
1173,1152
1174,1154
1175,1153
1176,1156
1177,7800
1178,1155
1179,1158
1180,1160
1181,4592
1182,1157
1183,4586
1184,1162
1185,1164
1186,7704
1187,1161
1188,1166
1189,1163
1190,1168
1191,1167
1192,1170
1193,1220
1194,1169
1195,1172
1196,1171
1197,7609
1198,3233
1199,1173
1200,1174
1201,1176
1202,1175
1203,1177
1204,1178
1205,1179
1206,1180
1207,1181
1208,1182
1209,1183
1210,1184
1211,1185
1212,1206
1213,1205
1214,1207
1215,1208
1216,1211
1217,1209
1218,1212
1219,1210
1220,1214
1221,1216
1222,1213
1223,1218
1224,3232
1225,7608
1226,1215
1227,1222
1228,1217
1229,1219
1230,1224
1231,1225
1232,1165
1233,1221
1234,1223
1235,4746
1236,1227
1237,4747
1238,1228
1239,1230
1240,1232
1241,4588
1242,1231
1243,1235
1244,1233
1245,1234
1246,3635
1247,1393
1248,1238
1249,7617
1250,1263
1251,1265
1252,1259
1253,1262
1254,1268
1255,1264
1256,1270
1257,1272
1258,1266
1259,1274
1260,1267
1261,1276
1262,1269
1263,1271
1264,1278
1265,1273
1266,1280
1267,1275
1268,1277
1269,1279
1270,1283
1271,1281
1272,1284
1273,1282
1274,1285
1275,1286
1276,1287
1277,1288
1278,1289
1279,1291
1280,1295
1281,1290
1282,1293
1283,1292
1284,5824
1285,1310
1286,1294
1287,1313
1288,1312
1289,1315
1290,1314
1291,1316
1292,1317
1293,1318
1294,1319
1295,7652
1296,5830
1297,5829
1298,1320
1299,5828
1300,1323
1301,1321
1302,1324
1303,1322
1304,1325
1305,1326
1306,1327
1307,1328
1308,1329
1309,1330
1310,1331
1311,1332
1312,1334
1313,1333
1314,1338
1315,1335
1316,1339
1317,1336
1318,1341
1319,1337
1320,1343
1321,1342
1322,1340
1323,1345
1324,6860
1325,6864
1326,7100
1327,7098
1328,6865
1329,7096
1330,6866
1331,6867
1332,6868
1333,7094
1334,7092
1335,6869
1336,7090
1337,6870
1338,7088
1339,7086
1340,7084
1341,6872
1342,6873
1343,7082
1344,6874
1345,6875
1346,7080
1347,6876
1348,6861
1349,6877
1350,7079
1351,6878
1352,6879
1353,6880
1354,6881
1355,7083
1356,7085
1357,6883
1358,7089
1359,6884
1360,7091
1361,7093
1362,6885
1363,6886
1364,6887
1365,7095
1366,6888
1367,7097
1368,7099
1369,6889
1370,6862
1371,6890
1372,6891
1373,6892
1374,6893
1375,6894
1376,6895
1377,6896
1378,6897
1379,6898
1380,7104
1381,7102
1382,6899
1383,3684
1384,3682
1385,6863
1386,3667
1387,3669
1388,6900
1389,7101
1390,7103
1391,6901
1392,6902
1393,6903
1394,6904
1395,6905
1396,6906
1397,6907
1398,6908
1399,6909
1400,1297
1401,1296
1402,1299
1403,1298
1404,1300
1405,1301
1406,1302
1407,1303
1408,1305
1409,3634
1410,1307
1411,1306
1412,1309
1413,3643
1414,3648
1415,1387
1416,7135
1417,3649
1418,3654
1419,1384
1420,3658
1421,1388
1422,1390
1423,2263
1424,1395
1425,2293
1426,1392
1427,1399
1428,1394
1429,1400
1430,1396
1431,1051
1432,1347
1433,1344
1434,1196
1435,1194
1436,1198
1437,1197
1438,1346
1439,1348
1440,1350
1441,1349
1442,1351
1443,1352
1444,1354
1445,1353
1446,1355
1447,1261
1448,1258
1449,1356
1450,1357
1451,1359
1452,1361
1453,1362
1454,1358
1455,1360
1456,1366
1457,1054
1458,1364
1459,1363
1460,1367
1461,1365
1462,1370
1463,1368
1464,1372
1465,1369
1466,1240
1467,1241
1468,1371
1469,1375
1470,1377
1471,1373
1472,1374
1473,1378
1474,1376
1475,1380
1476,1382
1477,1251
1478,4424
1479,1250
1480,1253
1481,1379
1482,1385
1483,1381
1484,1021
1485,1010
1486,1403
1487,1408
1488,1410
1489,1405
1490,1407
1491,1409
1492,1413
1493,1416
1494,1411
1495,1412
1496,98
1497,105
1498,104
1499,107
1500,106
1501,148
1502,150
1503,149
1504,151
1505,152
1506,156
1507,157
1508,1398
1509,1404
1510,1402
1511,1406
1512,1451
1513,1201
1514,1199
1515,1444
1516,1453
1517,1445
1518,1454
1519,1455
1520,1446
1521,1456
1522,1450
1523,1461
1524,1452
1525,1449
1526,1463
1527,1457
1528,1458
1529,1464
1530,1466
1531,1468
1532,1459
1533,1460
1534,1462
1535,1465
1536,1467
1537,1469
1538,1470
1539,1472
1540,1471
1541,1473
1542,1474
1543,1477
1544,1475
1545,1476
1546,1480
1547,1417
1548,1414
1549,1419
1550,1415
1551,1421
1552,1423
1553,1424
1554,1418
1555,1420
1556,1422
1557,1426
1558,4700
1559,1425
1560,1428
1561,1430
1562,1427
1563,1429
1564,1434
1565,1431
1566,1433
1567,1435
1568,1438
1569,1436
1570,1437
1571,1439
1572,1441
1573,1440
1574,1447
1575,1442
1576,1448
1577,1443
1578,7681
1579,1247
1580,1249
1581,3080
1582,1521
1583,7158
1584,1518
1585,1523
1586,1520
1587,1525
1588,1522
1589,1514
1590,1527
1591,1524
1592,1529
1593,1526
1594,1531
1595,1528
1596,1530
1597,1535
1598,1532
1599,1537
1600,1534
1601,1536
1602,1539
1603,1538
1604,1540
1605,1542
1606,1543
1607,1545
1608,1544
1609,1547
1610,1546
1611,1550
1612,1548
1613,1552
1614,1549
1615,1551
1616,1554
1617,1557
1618,1553
1619,1555
1620,1558
1621,1556
1622,1482
1623,1478
1624,1479
1625,1481
1626,1483
1627,1486
1628,1484
1629,1487
1630,1489
1631,4459
1632,1485
1633,1492
1634,1488
1635,1494
1636,1490
1637,1496
1638,1491
1639,1498
1640,1493
1641,1500
1642,1502
1643,1504
1644,1495
1645,1497
1646,1499
1647,1506
1648,1501
1649,1508
1650,1505
1651,1507
1652,1510
1653,1509
1654,1512
1655,1511
1656,1515
1657,1513
1658,1517
1659,7160
1660,1519
1661,1516
1662,3264
1663,1675
1664,1678
1665,1677
1666,1680
1667,1679
1668,1603
1669,1682
1670,1681
1671,1684
1672,1683
1673,1686
1674,1685
1675,1688
1676,1687
1677,1690
1678,1691
1679,1692
1680,1693
1681,1694
1682,1695
1683,1696
1684,1698
1685,1697
1686,6839
1687,1700
1688,1699
1689,1703
1690,1624
1691,1701
1692,1704
1693,1706
1694,1615
1695,1618
1696,1620
1697,1622
1698,6836
1699,1625
1700,1627
1701,6837
1702,1631
1703,1628
1704,1632
1705,6840
1706,2256
1707,1635
1708,1634
1709,1636
1710,1637
1711,1638
1712,1639
1713,1640
1714,1641
1715,1642
1716,1643
1717,1644
1718,1646
1719,1645
1720,1572
1721,1776
1722,1777
1723,1779
1724,1647
1725,1649
1726,1648
1727,3174
1728,2110
1729,2038
1730,2043
1731,2047
1732,2046
1733,2729
1734,2731
1735,1655
1736,1660
1737,1657
1738,1662
1739,1659
1740,1664
1741,1661
1742,1666
1743,4744
1744,2741
1745,4726
1746,2632
1747,7245
1748,7246
1749,7249
1750,7250
1751,7251
1752,7256
1753,1676
1754,6835
1755,1744
1756,1743
1757,7255
1758,7252
1759,7253
1760,7254
1761,7248
1762,2623
1763,2758
1764,2759
1765,2760
1766,1754
1767,1755
1768,1757
1769,1756
1770,1758
1771,1759
1772,1760
1773,4743
1774,1763
1775,1764
1776,1765
1777,2101
1778,2104
1779,2106
1780,2105
1781,2039
1782,3173
1783,1771
1784,141
1785,143
1786,145
1787,142
1788,144
1789,146
1790,147
1791,1772
1792,1773
1793,1775
1794,1774
1795,109
1796,108
1797,111
1798,110
1799,113
1800,112
1801,114
1802,1805
1803,7585
1804,1798
1805,1851
1806,1852
1807,1853
1808,1855
1809,1856
1810,1854
1811,1857
1812,1858
1813,1859
1814,1861
1815,1863
1816,1865
1817,1860
1818,1862
1819,1864
1820,7179
1821,1866
1822,1868
1823,1869
1824,1870
1825,1568
1826,1563
1827,1565
1828,1570
1829,1567
1830,1571
1831,1022
1832,1043
1833,1029
1834,1616
1835,1604
1836,1617
1837,1619
1838,1621
1839,1605
1840,1606
1841,1781
1842,1782
1843,1780
1844,1783
1845,1784
1846,1785
1847,1787
1848,1786
1849,1789
1850,1788
1851,1791
1852,1790
1853,1792
1854,1793
1855,1794
1856,1795
1857,1797
1858,1796
1859,1799
1860,1850
1861,7584
1862,1907
1863,92
1864,1911
1865,1912
1866,1913
1867,1917
1868,1920
1869,1915
1870,1924
1871,1916
1872,1918
1873,1925
1874,7817
1875,1097
1876,1098
1877,1100
1878,1099
1879,7700
1880,1871
1881,1186
1882,1188
1883,1187
1884,1873
1885,1872
1886,1875
1887,1874
1888,1877
1889,1879
1890,1876
1891,1878
1892,1881
1893,1880
1894,1883
1895,1882
1896,1889
1897,1884
1898,1890
1899,1885
1900,1891
1901,388
1902,390
1903,1893
1904,1886
1905,1887
1906,1895
1907,1888
1908,1898
1909,1892
1910,1900
1911,1894
1912,1902
1913,1896
1914,1904
1915,1897
1916,1906
1917,1899
1918,1908
1919,1901
1920,1910
1921,1903
1922,1905
1923,1926
1924,1921
1925,1928
1926,4750
1927,1930
1928,1923
1929,1932
1930,1927
1931,1934
1932,1929
1933,1937
1934,1931
1935,1939
1936,1941
1937,1933
1938,1935
1939,1936
1940,1943
1941,1938
1942,1940
1943,1946
1944,1942
1945,1944
1946,1401
1947,1947
1948,1951
1949,1953
1950,4219
1951,1948
1952,1955
1953,1949
1954,1956
1955,1950
1956,1958
1957,1952
1958,2022
1959,1954
1960,1960
1961,1957
1962,1959
1963,1961
1964,1964
1965,1963
1966,1966
1967,1968
1968,1739
1969,1742
1970,1741
1971,1965
1972,1967
1973,1970
1974,1969
1975,1971
1976,1972
1977,1974
1978,1975
1979,2604
1980,2599
1981,1998
1982,7130
1983,1979
1984,7129
1985,1977
1986,2653
1987,2655
1988,2000
1989,2005
1990,2002
1991,2006
1992,2004
1993,2007
1994,2009
1995,2008
1996,1804
1997,1808
1998,1810
1999,2011
2000,2010
2001,2013
2002,2012
2003,2015
2004,2014
2005,2017
2006,2016
2007,2021
2008,2019
2009,2024
2010,2020
2011,2025
2012,2023
2013,2026
2014,2027
2015,7264
2016,2692
2017,2029
2018,1096
2019,2030
2020,2031
2021,2033
2022,2727
2023,2109
2024,2035
2025,2041
2026,2036
2027,2040
2028,2042
2029,2049
2030,2044
2031,2045
2032,2051
2033,2048
2034,2053
2035,2050
2036,2092
2037,2052
2038,2057
2039,2054
2040,2055
2041,2058
2042,2059
2043,2060
2044,2061
2045,2062
2046,2085
2047,2086
2048,2087
2049,2088
2050,2089
2051,2090
2052,2091
2053,2056
2054,2093
2055,2094
2056,2095
2057,2098
2058,2096
2059,2099
2060,2097
2061,4627
2062,2100
2063,2103
2064,2108
2065,2107
2066,2037
2067,2034
2068,2112
2069,2111
2070,2696
2071,2083
2072,2084
2073,2145
2074,2142
2075,2147
2076,2143
2077,7615
2078,2146
2079,2114
2080,2115
2081,2116
2082,843
2083,2122
2084,2123
2085,2125
2086,2124
2087,2126
2088,2130
2089,2186
2090,2127
2091,2128
2092,2132
2093,2131
2094,2135
2095,2133
2096,2136
2097,2134
2098,2138
2099,2137
2100,2141
2101,2139
2102,2144
2103,2140
2104,2174
2105,2173
2106,3689
2107,2176
2108,2177
2109,2175
2110,2178
2111,2179
2112,2180
2113,2181
2114,2182
2115,2129
2116,2183
2117,2184
2118,2189
2119,2185
2120,2187
2121,2190
2122,2188
2123,2148
2124,2149
2125,2151
2126,2150
2127,2153
2128,2155
2129,2152
2130,2154
2131,2157
2132,4597
2133,2156
2134,2161
2135,2160
2136,2163
2137,2162
2138,2165
2139,2164
2140,2166
2141,2168
2142,2169
2143,2167
2144,2171
2145,2170
2146,2172
2147,2226
2148,2231
2149,2229
2150,2233
2151,2230
2152,2235
2153,2234
2154,2237
2155,2236
2156,2238
2157,3938
2158,670
2159,2241
2160,2243
2161,2242
2162,2245
2163,2247
2164,2244
2165,2246
2166,2248
2167,2249
2168,1023
2169,1018
2170,1024
2171,1027
2172,1020
2173,2191
2174,2192
2175,2193
2176,2194
2177,7311
2178,2199
2179,2195
2180,2196
2181,2198
2182,2201
2183,2203
2184,2200
2185,2205
2186,2202
2187,2207
2188,2208
2189,2206
2190,2204
2191,2287
2192,2210
2193,2212
2194,2211
2195,2213
2196,2215
2197,2273
2198,2217
2199,2214
2200,4659
2201,4657
2202,4658
2203,3971
2204,4715
2205,2220
2206,2221
2207,2222
2208,3949
2209,3939
2210,2265
2211,2227
2212,7711
2213,3967
2214,2225
2215,2223
2216,2267
2217,4587
2218,2269
2219,4656
2220,1159
2221,7710
2222,2275
2223,4717
2224,2280
2225,1226
2226,1229
2227,4165
2228,4682
2229,4683
2230,2284
2231,2286
2232,2278
2233,2209
2234,2288
2235,2285
2236,2290
2237,2289
2238,2292
2239,2291
2240,2296
2241,2295
2242,2298
2243,2297
2244,2396
2245,2299
2246,2300
2247,2301
2248,2302
2249,2303
2250,2304
2251,2305
2252,1569
2253,1044
2254,1045
2255,1046
2256,1047
2257,1048
2258,1651
2259,2254
2260,2250
2261,2251
2262,2252
2263,1116
2264,1117
2265,1689
2266,2340
2267,2338
2268,2339
2269,2264
2270,2262
2271,4762
2272,2255
2273,2266
2274,2257
2275,2259
2276,2268
2277,2261
2278,2270
2279,2272
2280,2328
2281,2329
2282,2330
2283,2331
2284,2332
2285,2333
2286,2334
2287,2335
2288,2336
2289,2337
2290,2253
2291,2260
2292,2342
2293,2341
2294,2346
2295,2344
2296,1770
2297,4773
2298,1778
2299,2306
2300,7141
2301,2932
2302,2308
2303,2309
2304,2311
2305,2310
2306,2312
2307,2313
2308,2314
2309,2315
2310,2316
2311,2317
2312,2318
2313,2319
2314,2320
2315,2321
2316,2322
2317,2323
2318,2324
2319,2325
2320,2326
2321,2327
2322,2367
2323,2366
2324,2369
2325,2370
2326,2371
2327,2373
2328,2375
2329,2372
2330,2374
2331,2377
2332,2376
2333,2378
2334,2379
2335,2380
2336,2381
2337,2382
2338,2383
2339,2385
2340,2384
2341,2386
2342,2902
2343,7140
2344,2389
2345,2391
2346,2390
2347,86
2348,88
2349,2410
2350,2413
2351,2412
2352,2415
2353,2414
2354,2417
2355,2416
2356,2419
2357,2418
2358,2421
2359,2420
2360,2423
2361,2422
2362,2425
2363,2424
2364,2392
2365,2395
2366,2394
2367,2397
2368,2399
2369,2398
2370,2401
2371,2400
2372,2404
2373,2402
2374,2406
2375,2403
2376,2405
2377,2407
2378,164
2379,2426
2380,2519
2381,2428
2382,2427
2383,2534
2384,2432
2385,2431
2386,2433
2387,2435
2388,2434
2389,2437
2390,2436
2391,2440
2392,2438
2393,2439
2394,2441
2395,2443
2396,2442
2397,2445
2398,2444
2399,2447
2400,2446
2401,2451
2402,3153
2403,3156
2404,3155
2405,2915
2406,2919
2407,2457
2408,2916
2409,2458
2410,2456
2411,2459
2412,2460
2413,2465
2414,2461
2415,2466
2416,2462
2417,2468
2418,2470
2419,2463
2420,2464
2421,2471
2422,2477
2423,85
2424,87
2425,84
2426,7589
2427,2481
2428,2483
2429,2491
2430,2494
2431,2485
2432,2496
2433,2487
2434,2497
2435,2489
2436,2499
2437,2492
2438,2493
2439,2454
2440,2651
2441,2920
2442,2921
2443,3101
2444,3100
2445,3103
2446,2504
2447,2505
2448,2521
2449,2520
2450,2511
2451,2518
2452,2513
2453,2516
2454,2517
2455,2522
2456,2523
2457,2524
2458,2506
2459,2529
2460,2527
2461,2507
2462,2508
2463,2510
2464,2430
2465,2429
2466,2536
2467,2467
2468,2472
2469,2480
2470,2482
2471,2474
2472,4170
2473,4171
2474,4172
2475,4173
2476,4002
2477,4004
2478,3996
2479,3997
2480,4006
2481,4187
2482,4188
2483,4189
2484,7678
2485,4191
2486,4192
2487,4533
2488,3265
2489,4193
2490,4194
2491,4195
2492,4196
2493,4197
2494,4198
2495,2479
2496,4378
2497,2530
2498,2509
2499,2540
2500,4175
2501,4176
2502,4114
2503,4177
2504,4178
2505,4179
2506,3199
2507,4180
2508,4181
2509,4184
2510,4185
2511,4186
2512,4062
2513,4058
2514,4064
2515,4066
2516,4068
2517,4166
2518,4167
2519,4168
2520,4169
2521,2531
2522,2528
2523,2532
2524,2538
2525,2533
2526,1560
2527,7131
2528,1561
2529,2549
2530,2553
2531,2551
2532,2556
2533,2554
2534,2555
2535,2558
2536,4295
2537,4323
2538,4336
2539,2560
2540,2559
2541,1826
2542,1830
2543,2562
2544,2561
2545,2564
2546,2563
2547,1914
2548,2565
2549,2566
2550,2567
2551,2573
2552,2579
2553,2574
2554,7702
2555,4231
2556,2701
2557,7703
2558,2702
2559,2703
2560,1095
2561,2704
2562,2706
2563,2707
2564,2710
2565,3176
2566,2708
2567,2711
2568,2709
2569,2712
2570,1719
2571,1720
2572,2713
2573,2714
2574,4333
2575,4312
2576,4294
2577,2716
2578,2718
2579,2719
2580,2717
2581,2722
2582,2584
2583,2720
2584,1614
2585,7582
2586,1245
2587,1996
2588,1195
2589,1193
2590,2728
2591,2726
2592,1650
2593,2746
2594,2748
2595,2747
2596,2750
2597,2749
2598,2752
2599,2751
2600,2754
2601,2756
2602,7598
2603,7597
2604,7596
2605,2535
2606,2544
2607,2537
2608,2546
2609,2539
2610,2548
2611,2550
2612,2541
2613,2543
2614,2545
2615,2552
2616,1768
2617,4269
2618,4270
2619,7272
2620,1252
2621,1254
2622,2063
2623,1202
2624,7138
2625,7139
2626,2575
2627,2580
2628,2576
2629,2577
2630,2585
2631,2578
2632,2587
2633,2582
2634,1732
2635,1733
2636,2589
2637,2591
2638,2586
2639,2593
2640,2588
2641,2595
2642,2590
2643,2592
2644,2597
2645,2594
2646,2596
2647,2598
2648,2600
2649,2602
2650,2601
2651,2603
2652,2607
2653,2605
2654,2609
2655,2606
2656,4741
2657,4742
2658,2611
2659,2612
2660,2613
2661,2614
2662,2615
2663,2616
2664,2617
2665,2618
2666,2620
2667,2619
2668,4740
2669,2621
2670,2624
2671,2625
2672,2629
2673,2626
2674,6834
2675,2630
2676,2627
2677,4737
2678,2631
2679,2633
2680,4738
2681,2637
2682,2638
2683,2635
2684,2636
2685,2639
2686,2643
2687,4739
2688,2641
2689,2646
2690,2642
2691,2610
2692,2647
2693,2645
2694,2648
2695,2649
2696,2650
2697,2652
2698,2654
2699,2925
2700,2657
2701,2656
2702,2659
2703,2658
2704,2660
2705,2663
2706,2661
2707,2665
2708,2662
2709,2664
2710,2666
2711,1813
2712,1816
2713,2668
2714,2672
2715,2674
2716,2667
2717,2669
2718,2670
2719,2673
2720,2671
2721,7576
2722,2677
2723,2675
2724,2676
2725,2678
2726,2680
2727,2356
2728,2359
2729,2358
2730,2360
2731,2361
2732,2364
2733,2362
2734,2363
2735,2368
2736,2365
2737,7657
2738,7642
2739,7638
2740,7628
2741,7625
2742,7639
2743,4112
2744,7640
2745,7626
2746,7627
2747,7637
2748,7641
2749,7656
2750,2348
2751,2345
2752,2349
2753,2347
2754,2350
2755,2351
2756,2353
2757,2352
2758,2355
2759,2357
2760,2354
2761,2775
2762,2776
2763,2777
2764,2778
2765,2781
2766,2780
2767,7268
2768,2118
2769,2117
2770,2789
2771,2067
2772,2069
2773,2068
2774,2070
2775,2807
2776,2806
2777,2809
2778,2808
2779,2811
2780,2810
2781,1997
2782,2812
2783,2813
2784,2815
2785,2079
2786,3339
2787,7655
2788,7654
2789,3300
2790,1980
2791,2683
2792,2679
2793,2682
2794,4126
2795,2685
2796,2684
2797,2686
2798,2688
2799,2687
2800,2691
2801,1988
2802,1990
2803,1993
2804,1992
2805,2690
2806,78
2807,1654
2808,1652
2809,2730
2810,2733
2811,2732
2812,2734
2813,2737
2814,2735
2815,2738
2816,2736
2817,2743
2818,1670
2819,1669
2820,1674
2821,1671
2822,2745
2823,1746
2824,1745
2825,1748
2826,1747
2827,2755
2828,2761
2829,2762
2830,2763
2831,2764
2832,2766
2833,2765
2834,2768
2835,2772
2836,2770
2837,2767
2838,1766
2839,1767
2840,1769
2841,2769
2842,2568
2843,2771
2844,2774
2845,2547
2846,2843
2847,2846
2848,2845
2849,2848
2850,3301
2851,3302
2852,3303
2853,2855
2854,2852
2855,2833
2856,2836
2857,2838
2858,2835
2859,2837
2860,2840
2861,2842
2862,2839
2863,2841
2864,2844
2865,7267
2866,2854
2867,2857
2868,2856
2869,2858
2870,2859
2871,2860
2872,2861
2873,2862
2874,2863
2875,2867
2876,2866
2877,2868
2878,2869
2879,2870
2880,2871
2881,2872
2882,2873
2883,2874
2884,2875
2885,2877
2886,2876
2887,2879
2888,2878
2889,4606
2890,2880
2891,2883
2892,2882
2893,2885
2894,2884
2895,2887
2896,2886
2897,2889
2898,7538
2899,7537
2900,7536
2901,7535
2902,7534
2903,2307
2904,2904
2905,2907
2906,2906
2907,2909
2908,2908
2909,2910
2910,1806
2911,1807
2912,1812
2913,1809
2914,1814
2915,1609
2916,1623
2917,1811
2918,2911
2919,2913
2920,2912
2921,2918
2922,2914
2923,2917
2924,2924
2925,2926
2926,2922
2927,2923
2928,2927
2929,2931
2930,1735
2931,1566
2932,1562
2933,1734
2934,1736
2935,1738
2936,1737
2937,1740
2938,2929
2939,2928
2940,2930
2941,7176
2942,2933
2943,2934
2944,7531
2945,7532
2946,7533
2947,4324
2948,2936
2949,2935
2950,2938
2951,2937
2952,2940
2953,2939
2954,2941
2955,3990
2956,3995
2957,3991
2958,2944
2959,2945
2960,2515
2961,2514
2962,7152
2963,2525
2964,2526
2965,2484
2966,2475
2967,2486
2968,2488
2969,2490
2970,2977
2971,2980
2972,4065
2973,4070
2974,2981
2975,2984
2976,2983
2977,2987
2978,2985
2979,2988
2980,2986
2981,2990
2982,2783
2983,2782
2984,2946
2985,2947
2986,2948
2987,2949
2988,2950
2989,854
2990,2951
2991,2954
2992,2725
2993,2569
2994,2570
2995,2571
2996,7803
2997,1094
2998,2572
2999,2955
3000,2953
3001,2956
3002,2957
3003,2959
3004,2958
3005,2961
3006,2962
3007,2963
3008,2964
3009,2965
3010,2968
3011,2966
3012,2970
3013,2967
3014,2972
3015,3044
3016,3046
3017,3045
3018,3047
3019,3048
3020,3049
3021,3051
3022,3050
3023,3053
3024,3052
3025,3054
3026,3055
3027,3057
3028,3056
3029,3060
3030,3058
3031,3061
3032,3059
3033,3062
3034,1189
3035,3063
3036,3065
3037,4262
3038,4263
3039,4760
3040,3069
3041,3066
3042,3068
3043,3071
3044,2834
3045,7701
3046,279
3047,2969
3048,1052
3049,1053
3050,2974
3051,2971
3052,7134
3053,2976
3054,2973
3055,2975
3056,395
3057,3067
3058,3074
3059,3072
3060,3075
3061,3073
3062,3077
3063,1019
3064,3076
3065,3079
3066,3078
3067,3082
3068,3084
3069,3081
3070,3087
3071,3090
3072,4276
3073,3089
3074,3091
3075,3092
3076,3096
3077,3098
3078,3099
3079,2989
3080,2991
3081,2992
3082,2993
3083,2998
3084,2999
3085,3000
3086,3002
3087,3008
3088,3007
3089,3010
3090,3009
3091,3012
3092,1056
3093,3011
3094,3014
3095,3013
3096,3016
3097,3015
3098,3017
3099,3018
3100,2784
3101,2785
3102,2786
3103,2787
3104,2828
3105,2829
3106,2832
3107,2831
3108,3019
3109,3020
3110,3021
3111,3023
3112,3025
3113,3024
3114,3026
3115,3027
3116,3028
3117,3029
3118,3030
3119,3031
3120,3032
3121,3033
3122,3034
3123,3035
3124,3036
3125,3038
3126,3039
3127,3040
3128,3041
3129,3042
3130,4421
3131,675
3132,4158
3133,4160
3134,673
3135,3116
3136,3119
3137,3118
3138,3121
3139,3120
3140,3123
3141,3122
3142,3125
3143,3124
3144,3127
3145,3126
3146,3128
3147,3129
3148,3131
3149,3130
3150,3133
3151,3132
3152,3136
3153,3134
3154,3137
3155,3135
3156,3139
3157,3138
3158,3102
3159,3105
3160,3104
3161,3107
3162,3106
3163,3109
3164,3108
3165,3110
3166,3111
3167,3113
3168,3112
3169,3115
3170,3114
3171,3117
3172,7324
3173,7325
3174,7317
3175,7318
3176,7319
3177,7320
3178,7557
3179,7553
3180,7554
3181,7555
3182,7550
3183,7551
3184,7552
3185,7556
3186,7313
3187,7314
3188,7315
3189,7316
3190,7322
3191,7323
3192,3141
3193,3140
3194,3145
3195,3142
3196,3146
3197,3143
3198,3144
3199,3147
3200,3148
3201,3150
3202,3152
3203,3154
3204,3149
3205,3151
3206,3157
3207,6847
3208,6848
3209,6849
3210,7148
3211,7149
3212,7150
3213,7151
3214,530
3215,4463
3216,4470
3217,4471
3218,4486
3219,4553
3220,4554
3221,3383
3222,3381
3223,7620
3224,7643
3225,7649
3226,7646
3227,7633
3228,7773
3229,7622
3230,7621
3231,3385
3232,3384
3233,4557
3234,4676
3235,580
3236,581
3237,582
3238,7145
3239,7146
3240,7147
3241,6850
3242,6851
3243,6852
3244,80
3245,3175
3246,3162
3247,3184
3248,1503
3249,3390
3250,3395
3251,4099
3252,4098
3253,7629
3254,4133
3255,7631
3256,3745
3257,3744
3258,7695
3259,3742
3260,7630
3261,4134
3262,4135
3263,4119
3264,4108
3265,3374
3266,3377
3267,1533
3268,1092
3269,4230
3270,7677
3271,3201
3272,3267
3273,3266
3274,3269
3275,3268
3276,3271
3277,3270
3278,3273
3279,3272
3280,3275
3281,3274
3282,3276
3283,7144
3284,3278
3285,3187
3286,3188
3287,3189
3288,3190
3289,3191
3290,3192
3291,3193
3292,3194
3293,3195
3294,3196
3295,3197
3296,3200
3297,3202
3298,3198
3299,4260
3300,3209
3301,3214
3302,3212
3303,3211
3304,3213
3305,3216
3306,3215
3307,3217
3308,3218
3309,3219
3310,3220
3311,3245
3312,4681
3313,3224
3314,3226
3315,3225
3316,3228
3317,3227
3318,3230
3319,3229
3320,7137
3321,3239
3322,3231
3323,3238
3324,3241
3325,3243
3326,3240
3327,3242
3328,4164
3329,4491
3330,3247
3331,3246
3332,3249
3333,3248
3334,3251
3335,3250
3336,3253
3337,3252
3338,3256
3339,3254
3340,3258
3341,1432
3342,3298
3343,3299
3344,2078
3345,2080
3346,7673
3347,2081
3348,2082
3349,222
3350,3340
3351,1981
3352,7672
3353,1978
3354,3344
3355,3342
3356,7280
3357,7213
3358,7014
3359,6950
3360,7011
3361,6966
3362,4351
3363,4609
3364,7575
3365,7574
3366,7573
3367,4771
3368,1591
3369,3321
3370,7279
3371,3324
3372,3325
3373,3328
3374,3326
3375,3327
3376,3329
3377,3330
3378,3331
3379,3332
3380,3333
3381,3334
3382,3335
3383,3336
3384,3337
3385,3341
3386,3338
3387,3343
3388,3347
3389,3345
3390,3346
3391,3349
3392,3351
3393,3353
3394,3348
3395,3350
3396,3352
3397,3355
3398,3354
3399,3356
3400,3357
3401,3358
3402,3361
3403,3359
3404,761
3405,4772
3406,1583
3407,4571
3408,4549
3409,4608
3410,4217
3411,3403
3412,3405
3413,7257
3414,3362
3415,3360
3416,7591
3417,1014
3418,1016
3419,2583
3420,4292
3421,4317
3422,4318
3423,4319
3424,4320
3425,4321
3426,4322
3427,3407
3428,3406
3429,3409
3430,3408
3431,3411
3432,3410
3433,3412
3434,3413
3435,3415
3436,3414
3437,3417
3438,3416
3439,3419
3440,3421
3441,3418
3442,3420
3443,4313
3444,4314
3445,3574
3446,3575
3447,3576
3448,3577
3449,3578
3450,3579
3451,1049
3452,3876
3453,3424
3454,3425
3455,7694
3456,3427
3457,3428
3458,3429
3459,7219
3460,7263
3461,3433
3462,7220
3463,3434
3464,3954
3465,3950
3466,3953
3467,3951
3468,3974
3469,2224
3470,3945
3471,3941
3472,7209
3473,2276
3474,3964
3475,3944
3476,2274
3477,3956
3478,3940
3479,3943
3480,3952
3481,6942
3482,4763
3483,4764
3484,4765
3485,4766
3486,3455
3487,3457
3488,3458
3489,3459
3490,3460
3491,3461
3492,3423
3493,3462
3494,3466
3495,3463
3496,3464
3497,3465
3498,3468
3499,3289
3500,3288
3501,3290
3502,3467
3503,3470
3504,3469
3505,3472
3506,3471
3507,3474
3508,3473
3509,3476
3510,3475
3511,3436
3512,3437
3513,3438
3514,3439
3515,3440
3516,3441
3517,3442
3518,3443
3519,3444
3520,3311
3521,3313
3522,3312
3523,3446
3524,3445
3525,3448
3526,3447
3527,3450
3528,3449
3529,3404
3530,3452
3531,3451
3532,3453
3533,3454
3534,3456
3535,4767
3536,4768
3537,4769
3538,4770
3539,7210
3540,7211
3541,7212
3542,7806
3543,2890
3544,2893
3545,2895
3546,7600
3547,7599
3548,1723
3549,1724
3550,3159
3551,4337
3552,7293
3553,7292
3554,7291
3555,7294
3556,4338
3557,3163
3558,1825
3559,1824
3560,1828
3561,2899
3562,2900
3563,2905
3564,3478
3565,3477
3566,3715
3567,3716
3568,3717
3569,3166
3570,3519
3571,3521
3572,3523
3573,3524
3574,1200
3575,1204
3576,7070
3577,1257
3578,3526
3579,1260
3580,3525
3581,3527
3582,1999
3583,7304
3584,3528
3585,3530
3586,1243
3587,1242
3588,1203
3589,7071
3590,1244
3591,1246
3592,3529
3593,3532
3594,3531
3595,3535
3596,3480
3597,3479
3598,4277
3599,4278
3600,4279
3601,4280
3602,3481
3603,3483
3604,1973
3605,7607
3606,7606
3607,7605
3608,7604
3609,7603
3610,7601
3611,7602
3612,3484
3613,3567
3614,3571
3615,3569
3616,3572
3617,3570
3618,3573
3619,3580
3620,3581
3621,3485
3622,3489
3623,3491
3624,3487
3625,3493
3626,3488
3627,3490
3628,3494
3629,3492
3630,3495
3631,3497
3632,3496
3633,3499
3634,3498
3635,3500
3636,3502
3637,3501
3638,3503
3639,3505
3640,3504
3641,3506
3642,3507
3643,3510
3644,3509
3645,3512
3646,3508
3647,3513
3648,3511
3649,3517
3650,3514
3651,3515
3652,3518
3653,3520
3654,3516
3655,3522
3656,3536
3657,3533
3658,3534
3659,3538
3660,3537
3661,3539
3662,3540
3663,3541
3664,3542
3665,3544
3666,3543
3667,3545
3668,3546
3669,3547
3670,3548
3671,3549
3672,3551
3673,3550
3674,3552
3675,3553
3676,3555
3677,3554
3678,3556
3679,3557
3680,3558
3681,3559
3682,3560
3683,3561
3684,3563
3685,3562
3686,3564
3687,3565
3688,3566
3689,7509
3690,4680
3691,7261
3692,7281
3693,3583
3694,3585
3695,3582
3696,3584
3697,3587
3698,3586
3699,3588
3700,3590
3701,3591
3702,3589
3703,3593
3704,3592
3705,3595
3706,7825
3707,7824
3708,3594
3709,3596
3710,3598
3711,3597
3712,3599
3713,3601
3714,3600
3715,3602
3716,3606
3717,3603
3718,3604
3719,3607
3720,3605
3721,3608
3722,3609
3723,3610
3724,3613
3725,3611
3726,3612
3727,3615
3728,3614
3729,3617
3730,3616
3731,3619
3732,3618
3733,3620
3734,7594
3735,3621
3736,3622
3737,3624
3738,7068
3739,3623
3740,7077
3741,3628
3742,3625
3743,7075
3744,7072
3745,4225
3746,3629
3747,7073
3748,7076
3749,7074
3750,3626
3751,3631
3752,3627
3753,7069
3754,3630
3755,3632
3756,3633
3757,7595
3758,3720
3759,3722
3760,3724
3761,3721
3762,2240
3763,4599
3764,4601
3765,3726
3766,3729
3767,3730
3768,3732
3769,3731
3770,3733
3771,3735
3772,3739
3773,3734
3774,3741
3775,3736
3776,3737
3777,3738
3778,3740
3779,3292
3780,3293
3781,3291
3782,3294
3783,3296
3784,3295
3785,3297
3786,3304
3787,3306
3788,3305
3789,3308
3790,3307
3791,3309
3792,3310
3793,3777
3794,3778
3795,3779
3796,3780
3797,3781
3798,3782
3799,3783
3800,3784
3801,3785
3802,3786
3803,3787
3804,7154
3805,7153
3806,3789
3807,3962
3808,4600
3809,2159
3810,3792
3811,3795
3812,3794
3813,4751
3814,4752
3815,3636
3816,3637
3817,1304
3818,4758
3819,4702
3820,3639
3821,3638
3822,3640
3823,3642
3824,3641
3825,3644
3826,1308
3827,3645
3828,3646
3829,3647
3830,1311
3831,3650
3832,3652
3833,1383
3834,3651
3835,3653
3836,3655
3837,3656
3838,3657
3839,1391
3840,3660
3841,4147
3842,1389
3843,4753
3844,3659
3845,4759
3846,28
3847,3662
3848,3664
3849,3663
3850,3666
3851,3665
3852,3670
3853,3671
3854,3683
3855,3672
3856,3675
3857,3678
3858,3680
3859,3679
3860,3681
3861,3685
3862,3687
3863,3686
3864,3688
3865,3692
3866,3693
3867,3695
3868,3694
3869,3696
3870,3698
3871,3697
3872,3700
3873,3699
3874,3701
3875,3702
3876,3703
3877,3704
3878,3705
3879,3706
3880,3707
3881,4129
3882,3708
3883,3709
3884,3710
3885,3711
3886,3712
3887,3713
3888,3714
3889,3748
3890,3746
3891,3747
3892,3749
3893,3751
3894,3750
3895,3752
3896,3753
3897,3755
3898,3756
3899,3757
3900,3754
3901,3758
3902,3759
3903,3760
3904,3761
3905,3763
3906,3762
3907,3764
3908,3766
3909,3765
3910,3768
3911,3767
3912,3771
3913,3772
3914,3770
3915,3774
3916,3674
3917,3775
3918,3776
3919,3673
3920,7674
3921,6924
3922,6922
3923,6920
3924,4235
3925,6918
3926,6916
3927,6914
3928,6911
3929,6910
3930,3676
3931,6912
3932,6913
3933,6915
3934,6917
3935,3677
3936,6919
3937,6921
3938,6923
3939,7675
3940,3797
3941,3796
3942,3799
3943,3798
3944,3800
3945,3801
3946,3802
3947,3426
3948,3804
3949,3805
3950,3806
3951,3852
3952,3847
3953,3849
3954,3851
3955,3850
3956,3221
3957,3222
3958,3223
3959,3244
3960,3812
3961,3818
3962,3841
3963,3815
3964,3839
3965,3816
3966,3814
3967,3821
3968,3822
3969,3824
3970,3825
3971,3826
3972,3827
3973,3828
3974,7610
3975,7613
3976,7671
3977,7669
3978,7667
3979,7665
3980,7663
3981,7660
3982,7659
3983,7658
3984,7661
3985,7662
3986,7664
3987,7666
3988,7668
3989,7670
3990,7612
3991,7611
3992,3829
3993,3830
3994,3832
3995,3831
3996,3833
3997,3834
3998,3823
3999,3836
4000,3837
4001,3838
4002,3817
4003,3842
4004,3845
4005,3820
4006,3819
4007,3846
4008,3848
4009,3835
4010,3808
4011,3810
4012,3809
4013,3813
4014,3807
4015,3853
4016,3854
4017,3855
4018,3856
4019,3857
4020,3858
4021,3859
4022,3860
4023,3861
4024,7676
4025,3886
4026,3863
4027,3865
4028,3864
4029,3866
4030,3867
4031,3868
4032,3870
4033,3869
4034,3872
4035,3871
4036,3873
4037,3874
4038,3875
4039,3877
4040,3878
4041,3879
4042,3881
4043,3880
4044,3883
4045,3882
4046,3884
4047,3885
4048,3888
4049,3889
4050,3887
4051,3890
4052,3891
4053,3892
4054,3893
4055,3894
4056,3896
4057,3895
4058,3897
4059,3898
4060,3899
4061,3900
4062,3901
4063,3902
4064,3903
4065,3904
4066,3905
4067,3906
4068,3907
4069,3908
4070,3909
4071,3910
4072,3913
4073,3911
4074,3912
4075,3914
4076,3915
4077,3916
4078,3946
4079,3969
4080,3942
4081,3959
4082,3947
4083,3933
4084,3935
4085,3934
4086,3936
4087,3948
4088,3937
4089,4020
4090,4021
4091,4022
4092,4639
4093,5818
4094,4023
4095,4024
4096,4027
4097,4025
4098,7708
4099,4030
4100,4026
4101,4028
4102,4029
4103,4031
4104,3975
4105,951
4106,943
4107,4033
4108,4034
4109,4032
4110,7714
4111,4036
4112,4035
4113,4038
4114,4037
4115,4039
4116,4040
4117,4041
4118,4045
4119,4042
4120,3957
4121,3958
4122,3960
4123,3961
4124,3963
4125,3965
4126,3966
4127,3968
4128,3977
4129,3970
4130,7713
4131,7715
4132,3978
4133,3981
4134,3972
4135,3973
4136,967
4137,3983
4138,3976
4139,3979
4140,3985
4141,3980
4142,3982
4143,3987
4144,3984
4145,5795
4146,5796
4147,5819
4148,5816
4149,3988
4150,3986
4151,3992
4152,3998
4153,4000
4154,3993
4155,4008
4156,3999
4157,4010
4158,4001
4159,4003
4160,4012
4161,4005
4162,4014
4163,4007
4164,4009
4165,4011
4166,4013
4167,4016
4168,4130
4169,4017
4170,4018
4171,4019
4172,4047
4173,4043
4174,4015
4175,4046
4176,4044
4177,4048
4178,4049
4179,4051
4180,4050
4181,4054
4182,4052
4183,4053
4184,4055
4185,4056
4186,4059
4187,4057
4188,4060
4189,4061
4190,4063
4191,4460
4192,4456
4193,4457
4194,4499
4195,4077
4196,4067
4197,4079
4198,4080
4199,4082
4200,4071
4201,4072
4202,4074
4203,4137
4204,7508
4205,4138
4206,4076
4207,4078
4208,4084
4209,4081
4210,4083
4211,4087
4212,6983
4213,4085
4214,4089
4215,1034
4216,3279
4217,4556
4218,4458
4219,3661
4220,6930
4221,6928
4222,6926
4223,6925
4224,6927
4225,6929
4226,3668
4227,3165
4228,3167
4229,3169
4230,3170
4231,3172
4232,386
4233,3171
4234,3177
4235,3178
4236,3181
4237,3182
4238,3376
4239,3378
4240,3379
4241,3380
4242,3382
4243,3387
4244,3386
4245,3388
4246,3389
4247,3391
4248,6982
4249,4086
4250,7118
4251,7782
4252,4091
4253,4088
4254,4093
4255,4090
4256,4092
4257,4095
4258,4094
4259,4097
4260,4096
4261,4100
4262,4103
4263,4101
4264,4111
4265,4102
4266,4104
4267,4113
4268,4105
4269,4117
4270,4106
4271,4118
4272,4107
4273,4120
4274,4109
4275,4121
4276,4110
4277,4122
4278,4123
4279,4116
4280,4115
4281,7119
4282,7180
4283,7182
4284,7183
4285,7184
4286,7185
4287,7186
4288,7206
4289,7189
4290,7207
4291,7187
4292,7188
4293,7181
4294,7190
4295,7191
4296,7193
4297,7196
4298,7197
4299,7198
4300,7199
4301,7200
4302,7195
4303,7203
4304,7204
4305,7201
4306,7205
4307,7202
4308,7194
4309,7192
4310,7696
4311,7783
4312,7784
4313,7785
4314,7786
4315,7787
4316,7788
4317,7789
4318,3372
4319,3373
4320,4259
4321,3375
4322,4132
4323,4131
4324,7774
4325,7776
4326,7778
4327,7811
4328,7808
4329,7810
4330,7813
4331,7781
4332,7827
4333,7801
4334,7815
4335,3989
4336,7805
4337,2888
4338,7567
4339,7804
4340,4452
4341,7816
4342,7802
4343,7828
4344,7814
4345,7809
4346,7780
4347,7812
4348,7779
4349,7777
4350,7775
4351,3371
4352,7580
4353,3392
4354,4258
4355,3396
4356,3393
4357,7790
4358,7791
4359,7792
4360,7793
4361,7794
4362,7795
